"Date","Time","Systolic (mmHg)","Diastolic (mmHg)","Pulse (bpm)","Irregular heartbeat detected","Body Movement","Cuff wrap guide","Positioning Indicator","Measurement Mode","Possible Afib","Device","Notes"
"05 Jul 2022","09:40","116","84","54","Detected"," "," "," "," "," ","X7 Smart","-"
"05 Jul 2022","12:01","113","74","68"," "," "," "," "," "," ","X7 Smart","-"
"04 Jul 2022","09:58","88","61","72"," "," "," "," "," "," ","X7 Smart","-"
"02 Jul 2022","10:01","111","69","62"," "," "," "," "," "," ","X7 Smart","-"
"02 Jul 2022","14:17","113","69","64"," "," "," "," "," "," ","X7 Smart","-"
"01 Jul 2022","12:15","114","73","65"," "," "," "," "," "," ","X7 Smart","-"
"01 Jul 2022","16:59","113","76","65"," "," "," "," "," "," ","X7 Smart","-"
"30 Jun 2022","08:23","111","73","65"," "," "," "," "," "," ","X7 Smart","-"
"30 Jun 2022","08:47","109","67","67"," "," "," "," "," "," ","X7 Smart","-"
"30 Jun 2022","19:21","118","76","62"," "," "," "," "," "," ","X7 Smart","-"
"29 Jun 2022","08:11","107","70","67"," "," "," "," "," "," ","X7 Smart","-"
"29 Jun 2022","08:16","105","73","67"," "," "," "," "," "," ","X7 Smart","-"
"28 Jun 2022","09:51","109","65","73"," "," "," "," "," "," ","X7 Smart","-"
"28 Jun 2022","10:02","107","69","72"," "," ","Not OK"," "," "," ","X7 Smart","-"
"27 Jun 2022","10:43","83","56","69"," "," "," "," "," "," ","X7 Smart","-"
"27 Jun 2022","11:02","95","62","70"," "," "," "," "," "," ","X7 Smart","-"
"27 Jun 2022","12:19","104","63","67"," "," "," "," "," "," ","X7 Smart","-"
"26 Jun 2022","12:33","98","62","65"," "," "," "," "," "," ","X7 Smart","-"
"26 Jun 2022","08:21","84","58","69"," "," "," "," "," "," ","X7 Smart","-"
"25 Jun 2022","15:53","93","61","71"," "," "," "," "," "," ","X7 Smart","-"
"23 Jun 2022","17:30","108","72","67"," "," ","Not OK"," "," "," ","X7 Smart","-"
"03 Apr 2022","09:27","109","69","72"," "," "," "," "," "," ","X7 Smart","-"
"14 Sep 2021","09:56","118","80","73"," "," "," "," "," "," ","HEM-7361T_ESL","_"
"13 Sep 2021","10:24","130","81","71"," "," "," "," "," "," ","HEM-7361T_ESL","_"
"31 Aug 2021","08:36","127","74","65"," "," "," "," "," "," ","HEM-7361T_ESL","_"
"30 Aug 2021","12:30","119","77","68"," "," "," "," "," "," ","HEM-7361T_ESL","_"
"30 Aug 2021","16:32","127","74","80"," "," "," "," "," "," ","HEM-7361T_ESL","_"
"29 Aug 2021","16:57","118","71","71"," "," "," "," "," "," ","HEM-7361T_ESL","_"
"28 Aug 2021","15:53","128","77","71"," "," "," "," "," "," ","HEM-7361T_ESL","_"
"26 Aug 2021","08:16","120","77","69"," "," "," "," "," "," ","HEM-7361T_ESL","_"
"02 Aug 2021","14:10","128","88","78"," "," "," "," "," "," ","HEM-7361T_ESL","_"
"02 Aug 2021","09:04","130","85","73"," "," "," "," "," "," ","HEM-7361T_ESL","_"
"30 Jul 2021","07:56","127","83","63"," "," "," "," "," "," ","HEM-7361T_ESL","_"
"29 Jul 2021","09:03","126","79","64"," "," "," "," "," "," ","HEM-7361T_ESL","_"
"29 Jul 2021","13:54","133","84","77"," "," "," "," "," "," ","HEM-7361T_ESL","_"
"28 Jul 2021","07:44","124","77","68"," "," "," "," "," "," ","HEM-7361T_ESL","_"
"28 Jul 2021","11:26","134","85","64"," "," "," "," "," "," ","HEM-7361T_ESL","_"
"27 Jul 2021","10:37","118","80","66"," "," "," "," "," "," ","HEM-7361T_ESL","_"
"27 Jul 2021","21:37","113","75","70"," "," "," "," "," "," ","HEM-7361T_ESL","_"
"27 Jul 2021","17:36","127","79","69"," "," "," "," "," "," ","HEM-7361T_ESL","_"
"26 Jul 2021","17:38","135","88","61"," "," "," "," "," "," ","HEM-7361T_ESL","_"
"26 Jul 2021","08:29","115","72","63"," "," "," "," "," "," ","HEM-7361T_ESL","_"
"26 Jul 2021","11:38","114","76","61"," "," "," "," "," "," ","HEM-7361T_ESL","_"
"26 Jul 2021","21:07","120","79","60"," "," "," "," "," "," ","HEM-7361T_ESL","_"
"25 Jul 2021","21:30","126","81","58"," "," "," "," "," "," ","HEM-7361T_ESL","_"
"24 Jul 2021","08:03","123","73","55"," "," "," "," "," "," ","HEM-7361T_ESL","_"
"22 Jul 2021","08:34","135","85","64"," "," "," "," "," "," ","HEM-7361T_ESL","_"
"22 Jul 2021","13:00","113","75","74"," "," "," "," "," "," ","HEM-7361T_ESL","_"
"22 Jul 2021","15:45","129","80","74"," "," "," "," "," "," ","HEM-7361T_ESL","_"
"22 Jul 2021","18:58","121","81","70"," "," "," "," "," "," ","HEM-7361T_ESL","_"
"21 Jul 2021","09:05","134","85","65"," "," "," "," "," "," ","HEM-7361T_ESL","_"
"21 Jul 2021","11:57","127","81","66"," "," "," "," "," "," ","HEM-7361T_ESL","_"
"21 Jul 2021","15:35","127","74","72"," "," "," "," "," "," ","HEM-7361T_ESL","_"
"20 Jul 2021","18:04","127","82","71"," "," "," "," "," "," ","HEM-7361T_ESL","_"
"20 Jul 2021","20:23","133","83","66"," "," "," "," "," "," ","HEM-7361T_ESL","_"
"20 Jul 2021","11:42","129","82","69"," "," "," "," "," "," ","HEM-7361T_ESL","_"
"20 Jul 2021","14:06","125","81","71"," "," "," "," "," "," ","HEM-7361T_ESL","_"
"19 Jul 2021","16:25","130","81","68"," "," "," "," "," "," ","HEM-7361T_ESL","_"
"19 Jul 2021","08:30","121","80","69"," "," "," "," "," "," ","HEM-7361T_ESL","_"
"18 Jul 2021","08:37","124","85","63"," "," "," "," "," "," ","HEM-7361T_ESL","_"
"18 Jul 2021","11:05","126","83","63"," "," "," "," "," "," ","HEM-7361T_ESL","_"
"17 Jul 2021","08:31","111","76","68"," "," "," "," "," "," ","HEM-7361T_ESL","_"
"16 Jul 2021","09:53","133","85","68"," "," "," "," "," "," ","HEM-7361T_ESL","_"
"16 Jul 2021","22:16","124","81","65"," "," "," "," "," "," ","HEM-7361T_ESL","_"
"15 Jul 2021","21:00","109","73","73"," "," "," "," "," "," ","HEM-7361T_ESL","_"
"15 Jul 2021","13:53","128","82","68"," "," "," "," "," "," ","HEM-7361T_ESL","_"
"11 Jul 2021","12:56","116","71","69"," "," "," "," "," "," ","HEM-7361T_ESL","_"
"11 Jul 2021","15:39","115","70","78"," "," "," "," "," "," ","HEM-7361T_ESL","_"
"10 Jul 2021","21:19","110","73","71"," "," "," "," "," "," ","HEM-7361T_ESL","_"
"09 Jul 2021","09:04","118","76","71"," "," "," "," "," "," ","HEM-7361T_ESL","_"
"08 Jul 2021","08:14","131","86","69"," "," "," "," "," "," ","HEM-7361T_ESL","_"
"06 Jul 2021","08:28","135","81","77"," "," "," "," "," "," ","HEM-7361T_ESL","_"
"05 Jul 2021","10:22","122","81","67"," "," "," "," "," "," ","HEM-7361T_ESL","_"
"04 Jul 2021","10:27","129","78","65"," "," "," "," "," "," ","HEM-7361T_ESL","_"
"03 Jul 2021","08:34","121","80","64"," "," "," "," "," "," ","HEM-7361T_ESL","_"
"30 Jun 2021","20:49","126","80","77"," "," "," "," "," "," ","HEM-7361T_ESL","_"
"29 Jun 2021","08:11","114","73","71"," "," "," "," "," "," ","HEM-7361T_ESL","_"
"28 Jun 2021","19:52","101","70","93"," "," "," "," "," "," ","HEM-7361T_ESL","_"
"28 Jun 2021","17:25","102","69","89"," "," "," "," "," "," ","HEM-7361T_ESL","_"
"26 Jun 2021","11:53","107","75","88"," "," "," "," "," "," ","HEM-7361T_ESL","_"
"25 Jun 2021","08:20","112","70","66"," "," "," "," "," "," ","HEM-7361T_ESL","_"
"24 Jun 2021","19:05","93","71","80"," "," "," "," "," "," ","HEM-7361T_ESL","_"
"24 Jun 2021","19:01","102","69","82"," "," "," "," "," "," ","HEM-7361T_ESL","_"
"16 Jun 2021","14:18","120","76","71"," "," "," "," "," "," ","HEM-7361T_ESL","_"
"16 Jun 2021","14:11","119","73","72"," "," "," "," "," "," ","HEM-7361T_ESL","_"
"06 Jun 2021","10:07","96","66","69"," "," "," "," "," "," ","HEM-7361T_ESL","_"
"21 May 2021","14:14","127","76","72"," "," "," "," "," "," ","HEM-7361T_ESL","_"
"20 May 2021","10:13","119","69","71"," "," "," "," "," "," ","HEM-7361T_ESL","_"
"13 May 2021","10:00","126","75","70"," "," "," "," "," "," ","HEM-7361T_ESL","_"
"10 May 2021","07:22","124","81","63"," "," "," "," "," "," ","HEM-7361T_ESL","_"
"09 May 2021","21:43","118","73","68"," "," "," "," "," "," ","HEM-7361T_ESL","_"
"08 May 2021","09:17","125","72","63"," "," "," "," "," "," ","HEM-7361T_ESL","_"
"07 May 2021","11:05","129","81","71"," "," "," "," "," "," ","HEM-7361T_ESL","_"
"07 May 2021","11:04","135","81","77"," "," "," "," "," "," ","HEM-7361T_ESL","_"
